_id,type,companyOrSchool,civility,howWeMet,createdAt,updatedAt,validatedEmail,company.type,company.address,company.tvaNumber,lastConnection,,"La colonne ""companyOrSchool"" est une précision du type de client. La collection profile contient les profils de type ""expert"" et ""company"".
Dans les profils de type ""company"" nous faisons la distinctions entre les entreprises (company) et les écoles (school). "
65703265c05b1d56a5d21b74,company,company,male,autre,06/11/2023,1701854502362,VRAI,EI,"1 Rue Cabanis, Paris, France","2,1",1701854502359,,
6570273b843c536c576b98b7,company,company,male,autre,06/11/2023,1701849053210,VRAI,,,,,,
656c999b843c536c576b92b7,company,company,female,bouche à oreille,03/11/2023,1701616877948,VRAI,ENCOURS,"1 Avenue Alexander Fleming, Oloron-Sainte-Marie, France",20,1701616522258,,
65679f206df3a711cd495148,company,company,female,bouche à oreille,29/10/2023,1701290054508,VRAI,SARL,"17 Avenue du Maréchal de Lattre de Tassigny, Villecresnes, France",20,,,
65675f556df3a711cd4950df,company,school,female,bouche à oreille,29/10/2023,1701353778806,VRAI,SAS,"46 Rue René Clair, Paris, France",0,1701353778804,,
6567044c6df3a711cd495028,company,school,female,linkedin,29/10/2023,1701250124772,,,,,,,
6565ad256df3a711cd494dcd,company,school,female,linkedin,28/10/2023,1701162486858,VRAI,,"29 Avenue Leclerc, Lyon, France",0,,,
6564bb866df3a711cd494c47,company,school,male,bouche à oreille,27/10/2023,1701873783826,VRAI,SA,"85 Rue Anatole France, Levallois-Perret, France",0,1701873783822,,
6564ba586df3a711cd494c42,company,company,male,linkedin,27/10/2023,1701878358940,VRAI,SARL,14 rue euler 33700 mérignac,0,1701878358938,,
6564b5f46df3a711cd494c2e,company,company,male,bouche à oreille,27/10/2023,1701876891745,VRAI,SARL,"85 Rue Anatole France, Levallois-Perret, France",20,1701876891741,,
6564b1d2ddcee07998d010d0,company,company,female,autre,27/10/2023,1701100241232,VRAI,EI,"3 Rue de Castiglione, Paris, France",0,1701100166653,,
655f89da4c24a02f8f55eb18,company,company,female,bouche à oreille,23/10/2023,1701295155058,VRAI,SAS,"17 Avenue du Maréchal de Lattre de Tassigny, talence, France",20,1701295155056,,
655dc5300972f25b9dfca8d9,company,school,female,autre,22/10/2023,1700645206431,VRAI,ASSO,"16 Boulevard Général de Gaulle, Nantes, France",0,1700644216369,,
655cceb60972f25b9dfca78e,company,school,female,bouche à oreille,21/10/2023,1700581654332,VRAI,SAS,"20 Boulevard Général de Gaulle, Nantes, France",20,1700581654330,,
655cc9a40972f25b9dfca77f,company,school,male,linkedin,21/10/2023,1701938694442,VRAI,ASSO,"2 Rue Norbert Segard, Lille, France",20,1701938596807,,
655cbc380972f25b9dfca74c,company,school,male,bouche à oreille,21/10/2023,1700576312600,VRAI,,,,,,
655c81e70972f25b9dfca68b,company,school,male,linkedin,21/10/2023,1700561905897,VRAI,ASSO,"Av. Paul Pascot, 66000 Perpignan",0,1700561905894,,
655c67287c95b656962438da,company,school,male,recherche web,21/10/2023,1701331018347,VRAI,MICRO,"LE 36 BIS, Rue Vital Carles, Bordeaux, France",0,1701331018344,,
655b7467203e6a22c9ef0779,company,school,female,autre,20/10/2023,1700492547970,VRAI,SASU,"2 Esp. de la Gare, Le Bouscat, France",20,,,
65579b14203e6a22c9ef013b,company,company,male,bouche à oreille,17/10/2023,1701676501031,VRAI,SAS,"Rue Charles Nungesser, Blanquefort, France",20,1701676501030,,
6554dd20203e6a22c9eefdd7,company,company,female,autre,15/10/2023,1700124617280,VRAI,SASU,"33 Rue Jean Soula, Bordeaux, France",20,1700124617279,,
65549e7b203e6a22c9eefd8e,company,school,male,linkedin,15/10/2023,1700746775565,VRAI,SASU,"Rue Georges Mandel, Angers, France",20,1700746775563,,
655493c0203e6a22c9eefd84,company,school,male,recherche web,15/10/2023,1700045428653,VRAI,SAS,"12 Parvis Colonel Arnaud Beltrame, Versailles, France",20,,,
6552353c72811d2ae603e4a6,company,company,male,autre,13/10/2023,1701276819528,VRAI,SASU,"Rue Robert Caumont, Bordeaux, France",20,1701276819526,,
654e4cc272811d2ae603de76,company,company,female,bouche à oreille,10/10/2023,1699630417233,VRAI,SAS,"212 Avenue de Tivoli, Le Bouscat, France",20,,,
654a473572811d2ae603d404,company,school,male,autre,07/10/2023,1699887590878,VRAI,SAS,"22 IMPASSE CHARLES FOURIER, 31200 TOULOUSE",,1699887590875,,
6549f18f72811d2ae603d25b,company,school,female,autre,07/10/2023,1699536870336,VRAI,SA,"6 Place Ravezies, Bordeaux, France",0,1699536870335,,
653655f25b0ddd07d925d7bd,company,school,female,bouche à oreille,23/010/2023,1701694003465,VRAI,SAS,"4 Quai des Queyries, Bordeaux, France",20,1701694003461,,
65362e3f5b0ddd07d925d72e,company,company,male,autre,23/010/2023,1698049650626,VRAI,SAS,"25 Rue Marcel Issartier, Mérignac, France",20,,,
65343f385b0ddd07d925d4b8,company,school,female,bouche à oreille,21/010/2023,1698762763755,VRAI,SAS,"3-5 Allée des Acacias, Mérignac, France",0,,,
6530ebba5b0ddd07d925cee4,company,school,female,bouche à oreille,19/010/2023,1697709900217,VRAI,,"349, rue de la Cavalade - 34000 Montpellier",0,,,
652e853d5b0ddd07d925cacb,company,school,female,bouche à oreille,17/010/2023,1700564732339,VRAI,SAS,"Le Village by CA Aquitaine, Cours du 30 Juillet, Bordeaux, France",20,1700564732318,,
652e598b5b0ddd07d925ca49,company,company,male,autre,17/010/2023,1697536740174,VRAI,SAS,"16 Rue Sainte-Foy, Paris, France",20,,,
652846955b0ddd07d925bde4,company,company,female,bouche à oreille,12/010/2023,1697138325013,VRAI,,,,,,
6524155e5b0ddd07d925b1db,company,school,female,bouche à oreille,09/010/2023,1697618635910,VRAI,ASSO,"10 Rue René Cassin, Bordeaux, France",0,1697618635908,,
651fe56bd2ebbd6640a83b68,company,school,female,recherche web,06/010/2023,1696595449595,VRAI,,,,1696595449587,,
651d7416d2ebbd6640a8331a,company,school,male,bouche à oreille,04/010/2023,1696433887733,VRAI,ASSO,"6 Route de Moneteau, Auxerre, France",0,,,
651af61dd2ebbd6640a8296a,company,company,female,entreprise partenaire,02/010/2023,1696266069689,VRAI,SAS,"87 Quai des Queyries, Bordeaux, France",20,,,
651705c3d2ebbd6640a81f7c,company,company,female,bouche à oreille,29/09/2023,1696007799338,VRAI,SAS,"85 Boulevard Marie et Alexandre Oyon, Le Mans, France",0,,,
6516d584d2ebbd6640a81df6,company,school,male,linkedin,29/09/2023,1695996046089,VRAI,MICRO,"23 Rue Berger, Paris, France",0,,,
6516bf02950b955d42c72acd,company,company,male,autre,29/09/2023,1695989582380,VRAI,SAS,"197 Avenue de la République, Bordeaux, France",20,,,
6516bc2a950b955d42c72acb,company,school,female,association partenaire,29/09/2023,1696920850159,VRAI,ASSO,"6 Route de Moneteau, 89000 Auxerre, France",0,1696920850156,,
64f9a02818cd730cf4f4cdd5,company,company,female,autre,07/09/2023,1694425593750,VRAI,SAS,"190 Rue Achard, Bordeaux, France",20,1694425593748,,
64f71b7918cd730cf4f4c7ae,company,school,female,entreprise partenaire,05/09/2023,1697184595073,VRAI,SAS,"16 Boulevard du Jeu de Paume, Montpellier, France",0,1697184595071,,
64f6ec6c3473cc61a0538509,company,school,female,bouche à oreille,05/09/2023,1701342275535,VRAI,ASSO,"9 Rue Bleue, Paris, France",0,1701342275532,,
64f6d6423473cc61a053847b,company,school,female,autre,05/09/2023,1699345110685,VRAI,SARL,63 boulevard Exelmans 75016 Paris,0,1699345093739,,
64f5ebef56981a517a4eb6dc,company,school,male,bouche à oreille,04/09/2023,1699457008054,VRAI,SARL,"25 Rue de l'Université, Lyon, France",20,1699203978798,,
64f1b99188afda3cddd6f980,company,school,female,bouche à oreille,01/09/2023,1693858941300,VRAI,SAS,"29 Rue Robert Caumont, Bordeaux, France",0,1693858941298,,
64f1b33a88afda3cddd6f923,company,company,female,entreprise partenaire,01/09/2023,1700471134134,VRAI,SAS,"2 Boulevard de Strasbourg, Toulouse, France",0,1700471134132,,
64f184be88afda3cddd6f852,company,company,male,bouche à oreille,01/09/2023,1693549758442,VRAI,,,,,,
64f0edd388afda3cddd6f7b9,company,company,female,autre,31/08/2023,1694590983822,VRAI,SAS,"5 Rue Jean Dollfus, Paris, France","5,5",1694590969397,,
64f0961388afda3cddd6f746,company,company,male,bouche à oreille,31/08/2023,1693997347170,VRAI,,,,1693997347168,,
64f0619e88afda3cddd6f6a6,company,school,female,bouche à oreille,31/08/2023,1696939032986,VRAI,ASSO,"29 Avenue Leclerc, Lyon, France",0,1696939020085,,
64ef672788afda3cddd6f4a0,company,school,female,autre,30/08/2023,1693469863019,VRAI,SARL,"2 Avenue de Kaarst, La Madeleine, France",0,1693469273360,,
64ee08ac88afda3cddd6f224,company,school,female,association partenaire,29/08/2023,1695651466173,VRAI,ASSO,"1-3 Rue Maurice Roy, 18000 Bourges, France",20,1695651466171,,
64ecfbc7364aa0079116ae7f,company,company,male,bouche à oreille,28/08/2023,1693252602269,VRAI,SAS,Hduziduevd,0,,,
64ecaad4364aa0079116acf4,company,school,female,entreprise partenaire,28/08/2023,1693475464614,VRAI,SAS,"12 Rue Philippe de Girard, Paris, France","5,5",1693475464612,,
64e70cac39328140f591f123,company,school,female,entreprise partenaire,24/08/2023,1692863855357,VRAI,SAS,"124 Rue Abbé de l'Épée, Bordeaux, France",0,,,
64e3293d911dbb2585e1140e,company,school,female,bouche à oreille,21/08/2023,1693381438867,VRAI,SASU,"5 Rue de Hanovre, Paris, France",20,1693381438865,,
64d0a99897d6b324b741c38f,company,school,male,autre,07/08/2023,1693311805813,VRAI,SARL,"6/8 Boulevard Papin, Lille, France",20,1693311794088,,
64cb6d5c643f6b152bdaca5a,company,school,male,autre,03/08/2023,1691137592115,VRAI,ASSO,"20bis, Jardin Boieldieu à La Défense (92071)",0,1691137592112,,
64ca5e0b643f6b152bdac93e,company,school,female,bouche à oreille,02/08/2023,1690983947804,,,,,,,
64ca556a643f6b152bdac92f,company,school,male,bouche à oreille,02/08/2023,1691068760127,VRAI,SAS,"2 Rue de la Martinellerie, Trélazé, France",0,,,
64c2453a02ad7455c86b99aa,company,school,male,bouche à oreille,27/07/2023,1700474918668,VRAI,SAS,"89 Quai des Chartrons, Bordeaux, France",20,1700474918666,,
64c0ee5902ad7455c86b9790,company,school,female,autre,26/07/2023,1690365740252,VRAI,SARL,"Quai de Bacalan, Bordeaux, France",0,,,
64bfee0b02ad7455c86b936c,company,company,male,entreprise partenaire,25/07/2023,1690300066172,VRAI,ASSO,"9 Rue Bleue, Paris, France",20,,,
64be6eac044a1149b7aba2b0,company,school,female,bouche à oreille,24/07/2023,1690201772066,VRAI,,,,,,
64b937fb044a1149b7ab9a86,company,school,male,bouche à oreille,20/07/2023,1693554608071,VRAI,SAS,"4 QUAI DES QUEYRIES, 33000 Bordeaux",20,1693554608069,,
64b7e59184e22e017f494548,company,school,male,linkedin,19/07/2023,1689773457048,VRAI,,,,,,
64b532f35b32d14c2c8da90f,company,school,female,bouche à oreille,17/07/2023,1689596659612,VRAI,,,,,,
64aedc22cb34de02d72d4096,company,school,female,autre,12/07/2023,1695908156177,VRAI,SAS,51 RUE CAMILLE GODARD 33000 BORDEAUX,,,,
64aea91acb34de02d72d4019,company,school,female,autre,12/07/2023,1701260335024,VRAI,ASSO,"8 Avenue Simone Veil, Décines-Charpieu, France",0,1701260329834,,
64ae7e0bcb34de02d72d3fae,company,school,female,bouche à oreille,12/07/2023,1692274478305,VRAI,SARL,"5 Rue Moncey, Paris, France",0,1692274478303,,
64a5339fe0843b7be97f5930,company,school,male,autre,05/07/2023,1688548255917,VRAI,ASSO,,,,,
64a2c768e0843b7be97f5407,company,company,female,,03/07/2023,1688390196037,VRAI,SAS,"11 Cours du 30 Juillet, Bordeaux, France",20,1688390196034,,
649ef3c8e0843b7be97f4e50,company,company,male,entreprise partenaire,30/06/2023,1701871308228,VRAI,MICRO,"1st arrondissement of Paris, Paris, France",20,1701871308226,,
649e8e91e0843b7be97f4d04,company,company,male,autre,30/06/2023,1688113114841,VRAI,ASSO,"18 Rue Ramus, 75020 Paris, France",0,,,
649a9c79e0843b7be97f44a8,company,school,female,autre,27/06/2023,1689157016242,VRAI,SAS,"10-12 Rue René Viviani, Nantes, France",0,1689157016240,,
6499b3ace0843b7be97f429f,company,company,male,bouche à oreille,26/06/2023,1696351194343,VRAI,EIRL,"19 Rue Sextius Michel, Paris, France",0,1696351194339,,
64943869be132659d9fe28a5,company,company,male,bouche à oreille,22/06/2023,1687435369159,VRAI,,,,,,
6492a905be132659d9fe24df,company,school,female,autre,21/06/2023,1687939659112,VRAI,EIRL,"43 Rue Eugène Oudiné, 75013 Paris, France",20,1687939659109,,
649011bcbe132659d9fe1f38,company,school,female,autre,19/06/2023,1687163324856,VRAI,,,,,,
648c6187bf50bf6e8c8e4ae6,company,school,female,bouche à oreille,16/06/2023,1686921670229,VRAI,SAS,,0,,,
6489691316b46110c144d1e3,company,school,female,autre,14/06/2023,1688981511570,VRAI,SA,12 RUE ALEXANDRE PARODI 75010 PARIS,,1688981511567,,
6488749416b46110c144d024,company,company,male,recherche web,13/06/2023,1699352239207,VRAI,SAS,27 RUE LUCIEN LANGENIEUX 42300 ROANNE,0,1699352239205,,
64883bd916b46110c144cf02,company,school,female,autre,13/06/2023,1688040221359,VRAI,SARL,"11 Passage Panama, Lyon, France",0,1688040221357,,
64832fbc0f428d0ac2be06ee,company,school,male,autre,09/06/2023,1686319036383,VRAI,,,,,,
6481d9a50a45f03a65e00fb4,company,school,female,autre,08/06/2023,1686231673958,VRAI,,,0,,,
6481c45c0a45f03a65e00f89,company,company,male,autre,08/06/2023,1686226012490,,,,,,,
6481ade00a45f03a65e00f3a,company,school,male,bouche à oreille,08/06/2023,1686640815750,VRAI,SARL,"Hangar 18, quai de Bacalan, Bordeaux, France",0,1686640815746,,
647f635b0a45f03a65e009a5,company,company,male,autre,06/06/2023,1690967250072,VRAI,SAS,"27 Rue Lucien Langenieux, Roanne, France",0,1690967250070,,
647f085c0a45f03a65e008c1,company,school,female,entreprise partenaire,06/06/2023,1699969132305,VRAI,SARL,"1 Quai Armand Lalande, Bordeaux, France",20,1699969132303,,
647ed53e0a45f03a65e0077f,company,company,female,autre,06/06/2023,1686151831667,VRAI,EI,"12 Rue La Fayette, Paris, France","2,1",,,
646f7962de81f4250f63570a,company,company,female,autre,25/05/2023,1685203618559,VRAI,SASU,"28 Rue de la Bibliothèque, Marseille, France",20,,,
646f62b3de81f4250f6356de,company,school,female,autre,25/05/2023,1686726366205,VRAI,ASSO,,0,1686726366201,,
64676cd47818b449e7acde96,company,school,female,bouche à oreille,19/05/2023,1684499786580,VRAI,EURL,"52 Rue de Marseille, 33000 Bordeaux, France",20,,,
645e48f8f1f6ab046a9b5b03,company,school,male,autre,12/05/2023,1683900663912,VRAI,,,,,,
645459558eb450085c332993,company,school,female,recherche web,05/05/2023,1683249784137,VRAI,SAS,"18 Rue du Dôme, Boulogne-Billancourt, France",0,,,
6454547f8eb450085c33298e,company,school,female,bouche à oreille,05/05/2023,1683248493530,VRAI,SAS,"18 Rue du Dôme, Boulogne-Billancourt, France",0,,,
645357a68eb450085c332893,company,school,male,autre,04/05/2023,1696335669118,VRAI,EI,"3A Lyon - L'École Internationale du Management Responsable, Rue du Sergent Michel Berthet, Lyon, France",0,1696335669117,,
6452fb538eb450085c33283a,company,school,female,bouche à oreille,04/05/2023,1683159891119,VRAI,SARL,,,,,
644a87308eb450085c331d61,company,school,female,bouche à oreille,27/04/2023,1697465695724,VRAI,,,,1697465695722,,
644a41ce8eb450085c331bf7,company,school,male,autre,27/04/2023,1701419216671,VRAI,SARL,"11 Place des Quinconces, Bordeaux, France",0,1701419216669,,
643eb41435958379464a1d8d,company,school,male,autre,18/04/2023,1687864529668,VRAI,SARL,"208 Avenue de la Marne, Mérignac, France",0,1687864529666,,
6437b7358d41ed32e87705ec,company,school,female,bouche à oreille,13/04/2023,1687435200300,VRAI,SAS,"65 Boulevard Pierre 1er, Le Bouscat, France",20,1687435200298,,
6433d61395cfbe13649d4023,company,company,male,parrainage,10/04/2023,1686140603912,VRAI,SARL,21 Rue Grateloup,20,1686140603910,,
642ebf8895cfbe13649d3b62,company,school,female,,06/04/2023,1684738518817,VRAI,SARL,"Hangar G2, Quai Armand Lalande, Bordeaux, France",20,1684738518815,,
642be7e5fe615a08c22b68bb,company,company,female,autre,04/04/2023,1685459200857,VRAI,SAS,"31 Rue Thomas Edison, Canéjan, France",0,1685459200855,,
64271af3f0cd0f064c1f045f,company,company,male,bouche à oreille,31/03/2023,1680284403392,VRAI,SAS,58 AV DE GALGON 33140 VILLENAVE D'ORNON,,,,
6426984918aa0344da152b72,company,company,female,autre,31/03/2023,1681134407553,VRAI,SAS,15 Allee de la Foret - 64200 Biarritz,20,1681134407551,,
6425b81a18aa0344da152ae5,company,school,male,bouche à oreille,30/03/2023,1680193562279,VRAI,,,,,,
6425b49918aa0344da152ad9,company,school,female,recherche web,30/03/2023,1680192665925,VRAI,SAS,,,,,
6425b41718aa0344da152ad6,company,company,female,bouche à oreille,30/03/2023,1680192535624,VRAI,,,,,,
6425b36c18aa0344da152ad4,company,company,female,bouche à oreille,30/03/2023,1680192364771,VRAI,,,,,,
6425b29f18aa0344da152ad1,company,company,female,bouche à oreille,30/03/2023,1680192158968,VRAI,,,,,,
642562aa18aa0344da1529e3,company,company,male,autre,30/03/2023,1680171829122,VRAI,SAS,"39 Rue de Liège, Paris, France",20,,,
6423e0ce18aa0344da15269f,company,school,male,bouche à oreille,29/03/2023,1686034497468,VRAI,,,,1686034497464,,
6421d09418aa0344da1523a2,company,company,male,bouche à oreille,27/03/2023,1679937684725,VRAI,SAS,16 RUE DU DOME 92100 BOULOGNE-BILLANCOURT,,,,
642194b4d09d560320d2b5cb,company,company,female,bouche à oreille,27/03/2023,1679922460001,VRAI,SAS,"Z A Ecopole bois majou 3 Aux Halies loupiac de la Réole, Aux Halles, Loupiac-de-la-Réole, France",20,,,
64216cc7d09d560320d2aff6,company,school,female,bouche à oreille,27/03/2023,1679912168027,VRAI,,,,1679912168024,,
642149afd09d560320d2afb4,company,company,male,recherche web,27/03/2023,1679923953193,VRAI,MICRO,"12 Rue d'Estienne d'Orves, Nîmes, France",0,1679923953190,,
6419a616d09d560320d2a6c7,company,school,female,autre,21/03/2023,1679404872170,VRAI,ASSO,"2 et 4 avenue de la Libération , Issoire, France",0,1679404624101,,
641872afb7d2e67417912d20,company,school,female,autre,20/03/2023,1679324164211,VRAI,SAS,"8 Parvis des Chartrons, Bordeaux, France",0,,,
64144f0543068357ef84281a,company,company,female,autre,17/03/2023,1679052549490,VRAI,,,,,,
64144ed843068357ef842817,company,company,male,bouche à oreille,17/03/2023,1679652024967,VRAI,SAS,15 CHEMIN DES GRANDS BERTINS 33710 TEUILLAC,,1679652024965,,
64130db443068357ef8425c1,company,school,male,bouche à oreille,16/03/2023,1696321995842,VRAI,SAS,"40 Rue Alexandre Dumas, Paris, France",0,1696321995840,,
6409bc6cad121b1000e29361,company,school,female,autre,09/03/2023,1678359743209,VRAI,,"65 Quai Lawton, Bordeaux, France",0,,,
6409b0b7ad121b1000e2932f,company,school,male,autre,09/03/2023,1678356867303,VRAI,SARL,"125 Rue Georges Bonnac, Bordeaux, France",20,,,
6409ad85ad121b1000e29325,company,school,female,autre,09/03/2023,1701938746199,VRAI,ASSO,"29 Avenue Leclerc, Lyon, France",0,1701938746195,,
6408970bad121b1000e2911d,company,school,male,recherche web,08/03/2023,1678284555756,VRAI,,,,,,
6405d6f9ad121b1000e28c3d,company,company,female,bouche à oreille,06/03/2023,1678104607907,VRAI,GIE,"210 Rue Ingénieur Sansoube, La Roche-sur-Foron, France",0,,,
6400a85e410cf44bb0d4bf82,company,school,male,autre,02/03/2023,1678456480633,VRAI,,,,1678456480630,,
63ff7d96410cf44bb0d4be34,company,school,female,bouche à oreille,01/03/2023,1677688214107,VRAI,,,,,,
63fcc2669409a015887023fb,company,company,male,entreprise partenaire,27/02/2023,1677509726385,VRAI,SAS,"6 Rue d'Armaillé, Paris, France",20,,,
63f49c20be74f3780363bf2f,company,school,female,entreprise partenaire,21/02/2023,1676975292853,VRAI,,"1 Quai Armand Lalande, Bordeaux, France",0,,,
63f343c4be74f3780363bbcd,company,school,male,entreprise partenaire,20/02/2023,1685713706687,VRAI,ASSO,"40 Route de la Croix du Milieu, La Couronne, France",20,1685713701348,,
63ed082fc21e125db591cb7b,company,school,male,autre,15/02/2023,1686218683496,VRAI,SAS,"124 Rue Abbé de l'Épée, Bordeaux, France",0,1686218683495,,
63e960c779991a5c33ff6d7f,company,school,female,,12/02/2023,1676239047895,VRAI,,,,,,
63e380f179991a5c33ff62a3,company,school,male,bouche à oreille,08/02/2023,1675854220540,VRAI,SAS,"40 Route de la Croix du Milieu, 16400 La Couronne, France",0,,,
63e12b000836560f18738421,company,school,female,,06/02/2023,1700125421493,VRAI,ASSO,"47 Rue du Sergent Michel Berthet, Lyon, France",20,1700125421489,,
63dce20c9db7350d41863d42,company,school,female,bouche à oreille,03/02/2023,1676886033314,VRAI,,,,1676886033310,,
63da213ebecf325848a4a126,company,school,female,bouche à oreille,01/02/2023,1695130218846,VRAI,ASSO,"Place des Archives, 69002 Lyon, France",0,1695130218844,,
63d8fb41becf325848a49f1f,company,school,female,autre,31/01/2023,1675775244531,VRAI,,,0,1675775244528,,
63d8e686becf325848a49ecb,company,school,female,publicité,31/01/2023,1687427331656,VRAI,SAS,"1 Rue Pierre de Maupertuis, Bruz, France",0,1687427331654,,
63d7e42e4709d3083585b9b9,company,school,male,autre,30/01/2023,1693319849730,VRAI,SARL,26 RUE RAZE 33000 BORDEAUX,20,1693319849728,,
63d38814b4ef3f4d9d68f4e6,company,company,male,bouche à oreille,27/01/2023,1674807564720,VRAI,ASSO,"16 Rue Amiral de Grasse, Grasse, France",0,,,
63d25fe188160d0bd8626451,company,school,male,autre,26/01/2023,1700575416995,VRAI,ASSO,"6-8 Boulevard Papin, Lille, France",10,1700575416989,,
63cfeb213d805d489fa38c98,company,school,female,bouche à oreille,24/01/2023,1674571171412,VRAI,,,,1674571171410,,
63c973d2e4ad45260849a319,company,school,male,autre,19/01/2023,1678112705661,VRAI,EURL,"Euridis Business School - Ecole de commerce Toulouse, 4 bis Rue du Pont Guilheméry, 31000 Toulouse, France",0,1678112705657,,
63c9031ee4ad45260849a238,company,school,female,autre,19/01/2023,1699612366181,VRAI,SARL,"437 Av. des Apothicaires, 34090 Montpellier",,1699612366180,,
63bbd53be4ad452608499149,company,company,female,bouche à oreille,09/01/2023,1673254596383,VRAI,SARL,"5 Allée des Acacias, Mérignac, France",20,,,
63b3f008783ece5a0866a0c1,company,school,male,autre,03/01/2023,1695816265872,VRAI,SAS,"242 Rue du Faubourg Saint-Antoine, Paris, France",0,1695816265870,,
63a176bd783ece5a08668b1c,company,school,male,parrainage,20/11/2022,1701182405361,VRAI,ASSO,"6 Boulevard Papin, Lille, France",20,1701182405358,,
639a003067f15f7b71c87180,company,school,female,entreprise partenaire,14/11/2022,1671037249400,VRAI,SARL,"1 Quai Armand Lalande, Bordeaux, France",0,,,
63989c073ef4140b25984a27,company,school,female,bouche à oreille,13/11/2022,1673020189489,VRAI,ASSO,"437 Avenue des Apothicaires, 34090 Montpellier, France",0,1673020189486,,
639895353ef4140b25984a1e,company,school,female,bouche à oreille,13/11/2022,1670944299196,VRAI,,,0,,,
63974a5dc2ac7675f05052d8,company,company,male,autre,12/11/2022,1674571214877,VRAI,SAS,"9 Rue de Condé, Bordeaux, France",20,1674571214875,,
639346a8c2ac7675f0504ca0,company,school,male,autre,09/11/2022,1670596906254,VRAI,SAS,"16 Rue de la Rainière, Nantes, France",0,,,
63934121c2ac7675f0504c8b,company,company,female,autre,09/11/2022,1678440881564,VRAI,SAS,"26 Boulevard du Maréchal Juin, 31400 Toulouse, France",0,1678440881562,,
63906ca366eff2145f4f2e83,company,school,male,bouche à oreille,07/11/2022,1695119435632,VRAI,SAS,"12 Rue Planchat, Paris, France",0,1695119435630,,
638e46c966eff2145f4f2a89,company,school,female,bouche à oreille,05/11/2022,1670268762357,VRAI,SAS,"18 Avenue Raymond Badiou, Toulouse, France",0,,,
6389fe3b0f14570b3a246b55,company,company,male,bouche à oreille,02/11/2022,1669989095348,VRAI,SAS,"1 Rue des Montgolfières, Vertou, France",20,1669988787972,,
6389c299d10d072727c11bad,company,company,male,bouche à oreille,02/11/2022,1697022012105,VRAI,SAS,"Promenade des Forges, Bordeaux, France",20,1697022012103,,
6389258fd10d072727c11b01,company,company,male,autre,01/11/2022,1669932431362,VRAI,SAS,49 Cours Pasteur 33000 BORDEAUX,,,,
63885658d10d072727c11927,company,school,female,bouche à oreille,01/11/2022,1669879481190,VRAI,,"101 Quai des Chartrons, Bordeaux, France",0,,,
6387c85dd10d072727c11840,company,school,female,entreprise partenaire,30/10/2022,1690537774047,VRAI,SARL,"Hangar G2, Quai Armand Lalande, Bordeaux, France",0,1690537766352,,
6384e08be6157d5bdc427224,company,school,male,bouche à oreille,28/10/2022,1674045944325,VRAI,ASSO,"21, rue du Bignon 35135 Chantepie",,1674045944323,,
6384acd9e6157d5bdc4271bf,company,company,female,bouche à oreille,28/10/2022,1683187374348,VRAI,SAS,"85 Boulevard Marie et Alexandre Oyon, Le Mans, France",0,1683187374346,,
63847975983abd240e842af9,company,school,female,autre,28/10/2022,1669626229024,VRAI,ASSO,230 RUE ROLAND GARROS - 29490 GUIPAVAS,,,,
6380bf78983abd240e842422,company,school,male,bouche à oreille,25/10/2022,1676500165252,VRAI,ASSO,"12 Rue de Saintonge, Bordeaux, France",0,1676500165250,,
637d0b6e5611a441750a5a6d,company,company,male,bouche à oreille,22/10/2022,1669654189401,VRAI,SAS,"1 Rue Dumaine, Bordeaux, France",20,1669654189399,,
637c819a5611a441750a596a,company,school,female,bouche à oreille,22/10/2022,1669104378769,VRAI,ASSO,"246 Boulevard Godard, Bordeaux, France",0,,,
637b7b6f5611a441750a5867,company,company,male,bouche à oreille,21/10/2022,1691761251055,VRAI,SAS,"2 Promenade des Forges, Bordeaux, France",20,1691761251049,,
637a32775611a441750a56e3,company,company,female,recherche web,20/10/2022,1668952695242,VRAI,,,,,,
636e0ee6231df95a4ccc0512,company,school,male,recherche web,11/10/2022,1668157221086,VRAI,SAS,"62 Rue Doudeauville, Paris, France",0,,,
636d0a1f231df95a4ccc042b,company,school,male,bouche à oreille,10/10/2022,1668776433739,VRAI,ASSO,"264 Boulevard Godard, Bordeaux, France",0,1668776433738,,
636d0552231df95a4ccc0405,company,school,male,bouche à oreille,10/10/2022,1694506434236,VRAI,SARL,12 rue Planchat - 75020 Paris 20,0,1694506434234,,
636d04f6231df95a4ccc0402,company,school,female,bouche à oreille,10/10/2022,1668089632847,VRAI,SA,"12 Rue Planchat, 75020 Paris, France",0,,,
636b8829231df95a4ccc01f5,company,school,female,autre,09/10/2022,1695040881188,VRAI,ASSO,"7 Rue Diderot, Arras, France",0,1695040881185,,
636b87af231df95a4ccc01f1,company,school,female,autre,09/10/2022,1684243627318,VRAI,ASSO,8 BD LOUIS XIV - 59800 LILLE,,1684243627315,,
6356d57c0fd435728656c8c6,company,school,male,autre,24/010/2022,1666635132865,VRAI,ASSO,680 CRS DE LA LIBERATION 33400 TALENCE,,,,
63568c420fd435728656c85c,company,school,female,bouche à oreille,24/010/2022,1666616622205,VRAI,ASSO,"Campus CESI, 230 Rue Rolland Garros, 29490 Guipavas, France",,,,
635647920fd435728656c7bd,company,company,male,bouche à oreille,24/010/2022,1666598865782,VRAI,SAS,"85 Rue Edouard Vaillant, Levallois-Perret, France",,,,
634fe4e80fd435728656c216,company,company,male,recherche web,19/010/2022,1666180328007,VRAI,,,,,,
6347ccab0fd435728656b9ca,company,school,female,autre,13/010/2022,1665649835393,VRAI,SARL,"26 Rue Raze, Bordeaux, France",,,,
633ff4d1bcc18741abdf004e,company,school,female,bouche à oreille,07/010/2022,1677593816171,VRAI,,53 cours Albert Thomas 69003 Lyon,,1677593816168,,
63359555a473c11f43214084,company,school,female,bouche à oreille,29/09/2022,1672909445388,VRAI,SAS,"406 Boulevard Jean Jacques Bosc, Bègles, France",,1672909445386,,
6329698522d1f03a8a691b23,company,company,female,bouche à oreille,20/09/2022,1690207945389,VRAI,SAS,"2 Chemin des Arestieux, Cestas, France",,1690207945387,,
632350bd3acb9b4d5764ebe7,company,company,male,autre,15/09/2022,1684271791069,VRAI,SAS,"5 bis Rue de Landegrand, Parempuyre, France",,1684271791066,,
6322f65d3acb9b4d5764eb84,company,company,female,autre,15/09/2022,1663235677389,VRAI,,,,,,
6321aead3acb9b4d5764ea02,company,company,male,bouche à oreille,14/09/2022,1663151868268,VRAI,SAS,"10 Rue Louis Breguet, 31700 Cornebarrieu, France",,,,
631f413054f3b47232b1fe85,company,company,male,entreprise partenaire,12/09/2022,1663135592551,VRAI,,,,1663108308038,,
6317295d6977227acbbbebc3,company,company,female,autre,06/09/2022,1662562415928,VRAI,,"36 Rue de Molina, Saint-Étienne, France",,1662562415926,,
630e26801acadb22d66bd5b6,company,school,female,bouche à oreille,30/08/2022,1661872063820,VRAI,ENCOURS,"Bd Salvador Allende, L'Isle-d'Espagnac, France",,,,
630cc7d347b68d445cd21c56,company,company,female,recherche web,29/08/2022,1661781971071,VRAI,,,,,,
630880b847b68d445cd21782,company,company,female,autre,26/08/2022,1672752610019,VRAI,,"87 Avenue Charles de Gaulle, Bruges, France",,1672752610018,,
6306238247b68d445cd2154b,company,school,female,bouche à oreille,24/08/2022,1672652297906,VRAI,ASSO,"73 Avenue Thiers, Bordeaux, France",,1672652297904,,
62fba39347b68d445cd20c58,company,school,female,bouche à oreille,16/08/2022,1673278709221,VRAI,SA,"58 Rue de Marseille, Bordeaux, France",,1673278709218,,
62e12ef0f5e6794d89e1e6a8,company,school,female,association partenaire,27/07/2022,1679929538830,VRAI,SAS,"11 Passage Panama, Lyon, France",,1679929538828,,
62dfe255f5e6794d89e1e50b,company,school,female,,26/07/2022,1698129568464,VRAI,ASSO,"Ecole de Commerce Bordeaux - ISG, 85 Rue du Jardin public, 33000 Bordeaux, France",0,1698129568461,,
62d9b481f5e6794d89e1de21,company,school,female,entreprise partenaire,21/07/2022,1658434853357,VRAI,SAS,"1 Rue Marie Curie, Plescop, France",,,,
62d9662ff5e6794d89e1ddd9,company,school,male,entreprise partenaire,21/07/2022,1701704537937,VRAI,SAS,"Carré Lafayette, 5 Place Aristide Briand, 44000 Nantes, France",,1701700135571,,
62d94e30f5e6794d89e1dd7d,company,school,female,bouche à oreille,21/07/2022,1658931767625,VRAI,GIE,"349 Rue de la Cavalade, Montpellier, France",,1658931767623,,
62d659d7f5e6794d89e1da47,company,school,female,autre,19/07/2022,1667464899872,VRAI,,,,1667464899870,,
62cd9e0ec43a1c07852b7266,company,school,female,bouche à oreille,12/07/2022,1661269087739,VRAI,SAS,"4 quai des Queyries, 33100 Bordeaux",,1661269087736,,
62cc4f32c43a1c07852b6f98,company,school,male,publicité,11/07/2022,1666175094085,VRAI,,53 cours Albert Thomas 69003 Lyon,,1666175094082,,
62cc0bf3c43a1c07852b6f1c,company,school,male,publicité,11/07/2022,1657539890228,VRAI,ASSO,"8 Rue des Frères Charles et Alcide d' Orbigny, Pau, France",,,,
62c57bc103f9d052cb4400f3,company,school,female,bouche à oreille,06/07/2022,1682609697912,VRAI,ASSO,"10 Rue des Terres Neuves, Bègles, France",,1682609697910,,
62c451e903f9d052cb43fff0,company,school,male,autre,05/07/2022,1701423373804,VRAI,ASSO,"2 allée Marianne Loir, 33800 Bordeaux",0,1701423373801,,
62c2b63d03f9d052cb43fe18,company,school,female,association partenaire,04/07/2022,1656927805414,VRAI,,,,,,
62bf021ab92b4e1a8ec37107,company,company,male,publicité,01/07/2022,1656685172307,VRAI,SARL,"141 Avenue de Wagram, Paris, France",,,,
62bd8c96b92b4e1a8ec36eef,company,school,female,bouche à oreille,30/06/2022,1696860212360,VRAI,ASSO,"264 Boulevard Godard, Bordeaux, France",,1696860212356,,
62bd759db92b4e1a8ec36ee3,company,school,male,bouche à oreille,30/06/2022,1656590214545,VRAI,SAS,"11 Rue Louis Blériot, Bègles, France",,,,
62bc6969b92b4e1a8ec36e14,company,school,female,bouche à oreille,29/06/2022,1689599008469,VRAI,ASSO,"85 Rue du Jardin public, 33000 Bordeaux",,1689599008464,,
62b0729994bf604e68e19fc3,company,school,female,bouche à oreille,20/06/2022,1678705934345,VRAI,SAS,"4 Avenue de Kaarst, La Madeleine, France",,1678705823745,,
62a848fa0eef6a518ff0cc6a,company,school,female,bouche à oreille,14/06/2022,1658326896485,VRAI,SARL,"26 Rue Raze, Bordeaux, France",,1658326664650,,
62a095b9d57a952ac7f6d6b3,company,school,female,recherche web,08/06/2022,1654691346167,VRAI,,,,,,
62988275d57a952ac7f6cf0c,company,company,female,association partenaire,02/06/2022,1665432905685,VRAI,SAS,"2 Chemin des Arestieux, Cestas, France",,1665432905682,,
6295f8541fbb047964271f0f,company,school,male,autre,31/05/2022,1654083566714,VRAI,,,,1654083566713,,
6295dca21fbb047964271eea,company,school,female,autre,31/05/2022,1701251721430,VRAI,,,,1701251721427,,
628f9a221fbb0479642719e9,company,company,male,recherche web,26/05/2022,1653578274366,VRAI,,,,,,
628ce28c1fbb047964271842,company,school,female,autre,24/05/2022,1653400204739,VRAI,,,,,,
628cd33a8cd3654f4645a0a4,company,school,male,bouche à oreille,24/05/2022,1653398401803,VRAI,SARL,"INSEEC MSc & MBA, Quai de Bacalan, Bordeaux, France",,1653398401801,,
627a21fc8b607267583f722c,company,school,female,autre,10/05/2022,1657532867692,VRAI,SAS,"Webtech Institute - Ecole d'Informatique Lille, Lille, France",,1657532867690,,
6272719692c2ec2a7d267b16,company,school,female,publicité,04/05/2022,1653396021956,VRAI,,,,,,
6271778692c2ec2a7d267a64,company,school,male,autre,03/05/2022,1700925755008,VRAI,ASSO,"4 Rue Paul Bernies, Toulouse, France",0,1700925755006,,
626bf65e92c2ec2a7d2676cd,company,company,male,bouche à oreille,29/04/2022,1657553402376,VRAI,,,,1657553402375,,
626808c6e78e047aff451415,company,company,female,bouche à oreille,26/04/2022,1653396021926,VRAI,SAS,"52 Rue Montmartre, Paris, France",,,,
625938bca6a5e0544be60ca2,company,,female,autre,15/04/2022,1699254825811,VRAI,SAS,"32 Rue de la Garbiero, Salon-de-Provence, France",,1699254825809,,
624ffc81b8f602159939792c,company,,male,bouche à oreille,08/04/2022,1687264930051,VRAI,SAS,"86 Cours de la Martinique, Bordeaux, France",,1687264626559,,
624af22e35e1f40873f821cc,company,,male,autre,04/04/2022,1653396021787,VRAI,SARL,"679 Avenue de la République, Lille, France",,1649411675012,,
6241e702c60bd00898a3845d,company,,female,autre,28/03/2022,1653396021739,VRAI,SAS,"111 Avenue Victor Hugo, Paris, France",,,,
623d87ff8135b2295c14001b,company,,male,,25/03/2022,1678205147046,VRAI,ASSO,"264 Bd Godard, Bordeaux, France",,1678205147043,,
62388f4895809f08f186715d,company,,female,autre,21/03/2022,1653396021696,VRAI,,,,1649151728770,,
6234a5469bdf0c49877f89b5,company,,male,bouche à oreille,18/03/2022,1653396021677,VRAI,SAS,"375 Avenue Saint-Just, La Garde, France",,1647865951543,,
62335c6e9bdf0c49877f88d5,company,,female,autre,17/03/2022,1653396021659,VRAI,SAS,"CESI, 16 RUE MAGELLAN 31670 LABEGE",,,,
6230a7789bdf0c49877f8654,company,,female,autre,15/03/2022,1698240442678,VRAI,SAS,85 rue du Jardin Public,,1698240442676,,
6220e880240f4e2730b14c6e,company,,male,bouche à oreille,03/03/2022,1653396021578,VRAI,SA,"3 Rue Raymond Lavigne, Bordeaux, France",,1646326401841,,
621f7919240f4e2730b14b7e,company,,male,autre,02/03/2022,1653396021572,VRAI,ASSO,"10 Rue René Cassin, Bordeaux, France",,,,
620e4f9e40cc3e4bf30441c0,company,,female,autre,17/02/2022,1653396021514,VRAI,ASSO,"186 Route de Blagnac, Toulouse, France",,1645107259773,,
61fa88f795e32c4827f99ec4,company,,female,autre,02/02/2022,1653396021473,,,,,1644239792046,,
61fa87c095e32c4827f99ebc,company,,female,entreprise partenaire,02/02/2022,1653396021465,VRAI,ASSO,,,1645111776759,,
61fa87be95e32c4827f99eba,company,,female,publicité,02/02/2022,1653396021461,VRAI,ASSO,"rue rené cassin, 33000 bordeaux",,1643898106497,,
61f9723995e32c4827f99e30,company,,male,autre,01/02/2022,1653396021458,VRAI,SAS,3 ALLEE DES INTERNAUTES 02200 SOISSONS,,,,
61f7f94d95e32c4827f99d2c,company,,female,autre,31/01/2022,1689578041819,VRAI,ASSO,"4 Rue Paul Bernies, Toulouse, France",,1689578041817,,
61f40a2395e32c4827f99a85,company,,female,,28/01/2022,1653396021423,VRAI,MICRO,"12 Rue de la Gâche, Haute-Goulaine, France",,,,
61ea690641979a0867314035,company,,female,bouche à oreille,21/01/2022,1660802686577,VRAI,MICRO,"1 Avenue du Colonel Henri Rol-Tanguy, Paris, France",,1660802686574,,
61e6cb8441979a0867313d90,company,,female,bouche à oreille,18/01/2022,1692804357928,VRAI,,,,1692804276374,,
61dff339f18aaa130b6cd03a,company,,male,association partenaire,13/01/2022,1653396021291,VRAI,,,,,,
61d54c1fca71a24b561b8329,company,,male,autre,05/01/2022,1700470304020,VRAI,SAS,4 quai des Queyries 33100 Bordeaux,,1700470304018,,
61d34a21ca71a24b561b7d85,company,,female,entreprise partenaire,03/01/2022,1653396021248,VRAI,SARL,,,1641309770504,,
61cae1f5ca71a24b561b7850,company,,female,entreprise partenaire,28/11/2021,1653396021242,VRAI,,,,,,
61c44a76ca71a24b561b74f3,company,,male,bouche à oreille,23/11/2021,1653396021227,VRAI,SAS,"11 Cours du 30 Juillet, Bordeaux, France",,,,
61c1b0df64217e083ca41b60,company,,female,,21/11/2021,1653396021213,VRAI,SARL,123 RUE DE LONGCHAMP 75116 PARIS,,,,
61b8470f2314dc0c6f4adf53,company,,male,bouche à oreille,14/11/2021,1701425488359,VRAI,SAS,"11 Cours du 30 Juillet, Bordeaux, France",,1701425488357,,
61b2300e2314dc0c6f4adbd4,company,,male,bouche à oreille,09/11/2021,1653396021174,VRAI,SARL,"85 Bd Marie et Alexandre Oyon, 72100 Le Mans, France",,,,
61aa1c5b2314dc0c6f4ad5a8,company,,male,bouche à oreille,03/11/2021,1653396021152,VRAI,ASSO,"1, avenue du Général de Gaulle Tour PB5",,,,
61a8c4422314dc0c6f4ad48a,company,,female,entreprise partenaire,02/11/2021,1653396021143,VRAI,ASSO,"7-9 Rue Jean-Marie Leclair, 69009 Lyon",,,,
61a8b0802314dc0c6f4ad46e,company,,male,autre,02/11/2021,1653396021139,VRAI,ASSO,"45 Rue Linois, Paris, France",,1642070559787,,
61a780612314dc0c6f4ad376,company,,female,bouche à oreille,01/11/2021,1677835223607,VRAI,SARL,"Hangar 18, Cours Edouard Vaillant, Bordeaux, France",,1677835223605,,
619ba870350329481522a285,company,,female,bouche à oreille,22/10/2021,1653396021098,VRAI,SAS,"300 Avenue du Prado, Marseille, France",,1638784911431,,
618acb933b46e1617ab35d93,company,,male,recherche web,09/10/2021,1653396021058,VRAI,,,,,,
618a2bdd3b46e1617ab35ca4,company,,male,autre,09/10/2021,1695983197716,VRAI,ASSO,"Totto, Place du Parlement, Bordeaux, France",,1695983197713,,
6183d7418ffce508636e0be0,company,,male,entreprise partenaire,04/10/2021,1669795698110,VRAI,SASU,"41 Rue Saint-Sébastien, 75011 Paris, France",0,1669795698108,,
6183b35a8ffce508636e0b7c,company,,female,entreprise partenaire,04/10/2021,1653396021029,VRAI,,,,,,
618248e68ffce508636e0985,company,,female,bouche à oreille,03/10/2021,1694779103469,VRAI,SARL,"Jouet-sur-l'Aubois, France",,1694779103466,,
6181329c8ffce508636e08d0,company,,female,autre,02/10/2021,1653396021018,VRAI,,,,1636550625512,,
61798b78db8a080f37bd15de,company,,male,autre,27/010/2021,1653396020998,VRAI,,,,,,
6173d299db8a080f37bd11ca,company,,female,bouche à oreille,23/010/2021,1663320884944,VRAI,SAS,19 RUE DU CADRAN SAINT PIERRE 51100 REIMS,,1663320884941,,
61702d7bdb8a080f37bd0ea8,company,,female,autre,20/010/2021,1653396020973,VRAI,ASSO,3 rue Pierre Dupont,,1639058597969,,
616e7b1fdb8a080f37bd0c23,company,,female,autre,19/010/2021,1692693133894,VRAI,ASSO,2 Rue du Mont Canigou 31700 BEAUZELLE,,1692693133893,,
616d2619db8a080f37bd0b24,company,,female,entreprise partenaire,18/010/2021,1653396020956,VRAI,,,,,,
616acfb2db8a080f37bd0a64,company,,male,bouche à oreille,16/010/2021,1653396020951,VRAI,SAS,"21 route de St Louis, 33530 Bassens",,1634390003719,,
616993ffdb8a080f37bd09e3,company,,female,bouche à oreille,15/010/2021,1653396020946,VRAI,ASSO,3 rue Pierre Dupont 75010 Paris,,1646661358081,,
61698f69db8a080f37bd09de,company,,female,bouche à oreille,15/010/2021,1653396020941,VRAI,SA,3 rue Pierre Dupont 75010 Paris,,1646661422410,,
615447bc24bf9a154545cf08,company,,female,association partenaire,29/09/2021,1689944602749,VRAI,SAS,"16 Rue Magellan, Labège, France",,1689944602744,,
615414a924bf9a154545ced5,company,,female,bouche à oreille,29/09/2021,1653396020861,VRAI,SARL,"50 Rue Laudinat, Bègles, France",,1634829053567,,
61532bc824bf9a154545ce58,company,,female,bouche à oreille,28/09/2021,1660636507499,VRAI,SAS,"2 Rue Vigier de la Pile, Angoulême, France",,1660636507497,,
6149973324bf9a154545c916,company,,female,autre,21/09/2021,1653396020832,VRAI,SARL,"16 Avenue de l'Europe, Schiltigheim, France",,,,
614439a624bf9a154545c50b,company,,female,autre,17/09/2021,1653396020811,VRAI,,,,,,
6138b79524bf9a154545bbae,company,,male,entreprise partenaire,08/09/2021,1653396020774,VRAI,,,,1631267615203,,
611d124a8ae28b087046ca79,company,,female,autre,18/08/2021,1653396020629,VRAI,SARL,"27 Rue Thalès, Mérignac, France",,,,
611a3c898ae28b087046c790,company,,male,publicité,16/08/2021,1653396020609,VRAI,,,,,,
60f13e7b66938b559e8435d9,company,,female,autre,16/07/2021,1691138319980,VRAI,,,,1691138319979,,
60f039bb66938b559e84354a,company,,female,publicité,15/07/2021,1653396020468,VRAI,SAS,"27 Rue Albert Einstein, Champs-sur-Marne, France",,,,
60ec1e60012d8a1566b3e814,company,,male,autre,12/07/2021,1653396020456,VRAI,SAS,"ETINCELLE COWORKING, 2 rue d’Austerlitz, 31000 TOULOUSE",,,,
60e7fbaa012d8a1566b3e567,company,,female,bouche à oreille,09/07/2021,1653396020452,VRAI,,,,,,
60e69ff6012d8a1566b3e470,company,,male,bouche à oreille,08/07/2021,1653396020430,VRAI,,,,,,
60d5946c0e3cbe63a9efa717,company,,female,bouche à oreille,25/06/2021,1661945223925,VRAI,ASSO,16 boulevard du général de Gaulle 44200 Nantes,,1661945223923,,
60b0b8b72fd32b12931546ff,company,,male,bouche à oreille,28/05/2021,1653396020223,VRAI,SAS,"9 Rue du Fresche Blanc, Nantes, France",,1624004135566,,
60a7d6cb2fd32b129315431a,company,,female,autre,21/05/2021,1653396020210,VRAI,,,,1625064326283,,
60a4b0922fd32b129315406e,company,,female,autre,19/05/2021,1653396020184,VRAI,SARL,"3 Avenue de la Madeleine, Gradignan, France",,1621579233735,,
60a2173b2fd32b1293153ecf,company,,male,entreprise partenaire,17/05/2021,1653396020171,VRAI,SARL,"Hangar 18 Quai de Bacalan, Bordeaux, France",,1652791485499,,
609e44702fd32b1293153ce6,company,,male,autre,14/05/2021,1653396020161,VRAI,SAS,"18 Rue du Dôme, Boulogne-Billancourt, France",,1623136995779,,
609b9fd42fd32b1293153b12,company,,female,bouche à oreille,12/05/2021,1653396020156,VRAI,ASSO,"4 Place de Boston, Hérouville-Saint-Clair, France",,,,
609402df2fd32b1293153601,company,,male,autre,06/05/2021,1689849500309,VRAI,ASSO,"16 Rue Magellan, Labège, France",,1689849500306,,
6093e78e2fd32b12931535e9,company,,female,autre,06/05/2021,1653396020130,,,,,,,
609254a42fd32b129315346a,company,,female,autre,05/05/2021,1653396020104,VRAI,SAS,"135 La Droulinais, Bruz, France",,,,
609160a12fd32b12931533b4,company,,male,autre,04/05/2021,1653396020100,VRAI,,,,,,
6089073f2fd32b1293152cc3,company,,male,autre,28/04/2021,1653396020079,VRAI,SA,"Braud-et-Saint-Louis, France",,,,
60799d5c2fd32b1293152129,company,,female,autre,16/04/2021,1655877661058,VRAI,SA,"39-40 Pl. Gambetta, 33000 Bordeaux",,1655877661056,,
60423dba438dca1742a98b41,company,,female,bouche à oreille,05/03/2021,1653396019936,VRAI,ASSO,"16 Boulevard Général de Gaulle, Nantes, France",,1650007021274,,
6037bf7f79bc110f7b6690d7,company,,male,autre,25/02/2021,1653396019901,VRAI,ENCOURS,"2 Place de la Bourse, Bordeaux, France",,1621241135851,,
6013bb716f28ac167974bc90,company,,female,bouche à oreille,29/01/2021,1653396019168,VRAI,SARL,"1286 Route du Bas Privas, Charly, France",,,,
6008054a6f28ac167974b959,company,,male,autre,20/01/2021,1653396019076,VRAI,,,,1612952605726,,
5fe20b066f28ac167974aaaa,company,,female,bouche à oreille,22/11/2020,1653396018993,VRAI,SAS,"DIGITALL Conseil - Cabinet transformation digitale, Quai des Queyries, Bordeaux, France",,1610355729736,,
5fd378f66f28ac167974a53a,company,,female,autre,11/11/2020,1653396018969,VRAI,SARL,"1286 Route du Bas Privas, Charly, France",,,,
5fd0de0c6f28ac167974a450,company,,male,bouche à oreille,09/11/2020,1653396018958,VRAI,SA,"250 Rue Pierre Bayle, Avignon, France",,1609774701065,,
5fccda6a6f28ac167974a296,company,,male,entreprise partenaire,06/11/2020,1653396018950,VRAI,SARL,"Sabazot, Ligneyrac, France",,1615024705202,,
5fca567c6f28ac167974a162,company,,male,autre,04/11/2020,1653396018948,VRAI,ASSO,"40 Rte de la Croix du Milieu, 16400 La Couronne",,,,
5fca4e126f28ac167974a159,company,,female,bouche à oreille,04/11/2020,1653396018947,VRAI,SASU,"89 Quai des Chartrons, 33300 Bordeaux",,,,
5fc8dfa61ccdfa7589ca5e36,company,,male,bouche à oreille,03/11/2020,1653396018943,VRAI,,,,,,
5fbe83881ccdfa7589ca58a9,company,,female,,25/10/2020,1653396018908,VRAI,SARL,"250 Rue Madeleine Rebérioux, Lille, France",,1647603506444,,
5f8962800f36a533fa58dbe6,company,,male,bouche à oreille,16/010/2020,1653396018772,VRAI,SAS,86 rue de Paris 91400 Orsay,,1646403631221,,
5f7b1d480f36a533fa58d728,company,,female,autre,05/010/2020,1653396018721,VRAI,ASSO,"9 Rue de Vienne, Paris, France",,,,
5f7ae7ab0f36a533fa58d707,company,,female,bouche à oreille,05/010/2020,1653396018719,VRAI,SA,"10 Quai des Queyries, Bordeaux, France",,,,
5f3fbba4c0f0425b7114e6bc,company,,female,,21/08/2020,1653396018601,VRAI,SA,RD 2144 LA BOULE 63560 MENAT,,,,
5f153b6de1feb14ac570e8b7,company,,female,bouche à oreille,20/07/2020,1684507172024,VRAI,MICRO,"2, rue Edmond Rostand",,1684507006660,,
5f05ca89e1feb14ac570dd1d,company,,male,,08/07/2020,1653396018510,VRAI,SAS,"185 Boulevard Maréchal Leclerc, Bordeaux, France",,,,
5ef0dcb8e1feb14ac570cd5d,company,,female,bouche à oreille,22/06/2020,1653396018478,VRAI,EURL,"Ecoparc, 17 Rue du Commandant Charcot, Blanquefort, France",,1596488070987,,
5ee7307be1feb14ac570c616,company,,female,recherche web,15/06/2020,1653396018433,VRAI,,,,,,
5ee72033e1feb14ac570c5ee,company,,male,bouche à oreille,15/06/2020,1653396018426,VRAI,SAS,5 rue d'Armatonde,,1592206202345,,
5ee1e199e1feb14ac570c265,company,,male,association partenaire,11/06/2020,1653396018417,VRAI,EIRL,"3 place du champ de foire, 64230 Sauvagnon",,,,
5ee12ccde1feb14ac570c20e,company,,male,,10/06/2020,1653396018415,VRAI,,,,1591871766879,,
5ec3b406e1feb14ac570ab6d,company,,male,autre,19/05/2020,1653396018354,VRAI,SAS,"9 Rue André Darbon, Bordeaux, France",,1617106695940,,
5ebad2d2e1feb14ac570a3bb,company,,male,autre,12/05/2020,1653396018328,VRAI,SAS,108 COURS DU MEDOC,,,,
5e902f8be1feb14ac5708352,company,,female,autre,10/04/2020,1653396018150,VRAI,SAS,"51 Rue Camille Godard, Bordeaux, France",,,,
5e8ed440e1feb14ac5708244,company,,male,autre,09/04/2020,1653396018134,VRAI,SAS,"66 Rue Ferdinand Buisson, 47240 Castelculier, France",,1586420814663,,
5e8449dfdb8f357c02646c48,company,,male,entreprise partenaire,01/04/2020,1653396018074,VRAI,,,,,,
5e8309fedb8f357c02646b5c,company,,male,bouche à oreille,31/03/2020,1653396018066,VRAI,SARL,"74 Rue Georges Bonnac, Bordeaux, France",,1610819642072,,
5e8301dedb8f357c02646b53,company,,female,entreprise partenaire,31/03/2020,1653396018059,VRAI,,,,,,
5e81f7b2db8f357c02646a82,company,,female,,30/03/2020,1669747942787,VRAI,SAS,"124 Rue Abbé de l'Épée, 33000 Bordeaux, France",20,1669747657862,,
5e7cb17ddb8f357c02646653,company,,male,bouche à oreille,26/03/2020,1653396017975,VRAI,SARL,12 Quai Louis XVIII,,,,
5e748f72db8f357c02646068,company,,male,bouche à oreille,20/03/2020,1653396017722,VRAI,SAS,"21 Rue Saint-James, Bordeaux, France",,,,
5e73b7cedb8f357c02645fde,company,,male,association partenaire,19/03/2020,1653396017714,VRAI,,,,,,
5e738ca9db8f357c02645fbb,company,,male,,19/03/2020,1653396017712,VRAI,,,,,,
5e729731db8f357c02645ef4,company,,male,,18/03/2020,1653396016351,VRAI,,,,,,
5e724f7adb8f357c02645ebd,company,,male,bouche à oreille,18/03/2020,1653395929676,VRAI,,,,1633605925653,,
5e6652996a46f84e73af056b,company,,male,autre,09/03/2020,1653395929641,VRAI,,,,,,
5e553dac3b7cd27e6512003a,company,,male,autre,25/02/2020,1653395929602,VRAI,ENCOURS,1 Cours du Général de Gaulle,,1637407231006,,
5e4bf80149436c514146f8d3,company,,female,autre,18/02/2020,1653395929578,VRAI,,,,1582109337570,,
5e4a75c8c4d1d74c8c45880e,company,,female,bouche à oreille,17/02/2020,1699614091516,VRAI,SAS,19 allée James Watt,,1699614091514,,
5e1c87ec42174218cf933a79,company,,male,autre,13/01/2020,1653395929444,VRAI,SASU,"1 Rue du Pont Duffour, Cadaujac, France",,,,
5e184a9242174218cf933a1b,company,,male,autre,10/01/2020,1653395929440,,,,,1582120764711,,
5e18483642174218cf933a16,company,,male,autre,10/01/2020,1653395929433,VRAI,SAS,4 cours du médoc - CS 70093 - 33070 BORDEAUX Cedex,,1582555789916,,
5e0f184942174218cf93394b,company,,female,autre,03/01/2020,1675952551488,VRAI,SASU,"20 Quai Lawton, Bordeaux, France",0,1675952551486,,
5def5e8abc9b417d5cf6366b,company,,male,,10/11/2019,1653395929331,VRAI,SA,"Ecole d'ingénieurs Bordeaux - ESME Sudria, 6 Place Ravezies, 33000 Bordeaux, France",,1622112191698,,
5dee9613bc9b417d5cf63658,company,,male,,09/11/2019,1653395929329,VRAI,,,,1575917170100,,
5dee6f06bc9b417d5cf63651,company,,female,,09/11/2019,1653395929327,,SAS,"4 quai des queyries, 33100 Bordeaux",,,,
5de9327d9209a135389958d8,company,,male,bouche à oreille,05/11/2019,1653395929311,VRAI,SAS,"89 Quai des Chartrons, 33300 Bordeaux, France",,1575819375442,,
5ddfa13039aed1787a26d9bd,company,,male,autre,28/10/2019,1653395929274,,,,,,,
5dd6ab4a7c188c7874a9d51d,company,,male,autre,21/10/2019,1653395929238,,,,,,,
5dd56c3754ef065fa88cca6c,company,,male,association partenaire,20/10/2019,1653395929228,VRAI,,,,1574937967294,,
5dd4f5af23ed286749466f67,company,,male,association partenaire,20/10/2019,1653395929227,,,,,1574237776005,,
5dcee80495b17d1ca508282d,company,,male,,15/10/2019,1653395929209,VRAI,,,,,,
5dceb12995b17d1ca5082812,company,,female,bouche à oreille,15/10/2019,1653395929206,,,,,,,
5dbf2c23f6a7d233588a5ec2,company,,female,,03/10/2019,1653395929184,,,23 rue Victor Hugo,,,,
5d9615ee4472f16796e2afae,company,,female,bouche à oreille,03/010/2019,1653395929136,,,,,,,
5d8b8dad4472f16796e2af37,company,,male,bouche à oreille,25/09/2019,1653395929115,VRAI,SARL,"5 Avenue Charles Lindbergh, Mérignac, France",,1583061453474,,
5d7f80d04472f16796e2aeb3,company,,female,bouche à oreille,16/09/2019,1693927327551,VRAI,SAS,"8 Rue René Cassin, 33300 Bordeaux, France",,1693927327549,,
5d70b5a54472f16796e2ae34,company,,female,bouche à oreille,05/09/2019,1653395929056,VRAI,ENCOURS,"46 Rue Général de Larminat, Bordeaux, France",,,,
5d5d5f9ed157c058dfecd209,company,,male,association partenaire,21/08/2019,1653395929022,VRAI,SAS,"3 RUE ARIANE, 33700 MERIGNAC",,,,
5d3aa0f62ddad254078718e1,company,,male,bouche à oreille,26/07/2019,1653395928950,,,,,,,
5d39d2bb2ddad254078718cc,company,,male,autre,25/07/2019,1653395928949,VRAI,,,,1564071310673,,
5d3024672ddad2540787185d,company,,female,bouche à oreille,18/07/2019,1653395928939,,,,,,,
5d2d8fb22ddad25407871839,company,,female,autre,16/07/2019,1653395928938,,,,,1583857023547,,
5d1b25362ddad25407871799,company,,female,entreprise partenaire,02/07/2019,1653395928921,,SARL,"26 Rue Raze, Bordeaux, France",,1562139819183,,
5d1480e32ddad2540787176d,company,,male,autre,27/06/2019,1653395928917,VRAI,,,,,,
5d025858fd26e33243bc5f96,company,,female,,13/06/2019,1653395928895,VRAI,,,,,,
5cf12f8fb0c8341cdddda1b5,company,,male,publicité,31/05/2019,1653395928865,,,,,,,
5ce80eb8b0c8341cdddda12f,company,,female,autre,24/05/2019,1653395928826,VRAI,SAS,Zone Industrielle de Mouguerre. 64990 Mouguerre,,1559662372818,,
5ce6626cb0c8341cdddda0e8,company,,female,autre,23/05/2019,1653395928819,VRAI,SAS,"68 Cours de Verdun, Bordeaux, France",,1578585484544,,
5cdc098444870d61541d68b3,company,,female,autre,15/05/2019,1653395928807,VRAI,,,,1572442466611,,
5cadfba6d10aab0a4c954e1c,company,,male,,10/04/2019,1653395928747,,SAS,,,,,
5c7fdc03dee03a5fd724409c,company,,male,autre,06/03/2019,1653395928659,VRAI,,,,1637309956605,,
5c741ba04d9bb55da5dbd83d,company,,male,publicité,25/02/2019,1653395928641,VRAI,,,,,,
5c6d823712b1e349ba4a426e,company,,male,publicité,20/02/2019,1653395928626,VRAI,,,,,,
5c6aca86d97df86ce870d4ea,company,,male,bouche à oreille,18/02/2019,1653395928617,VRAI,SA,"6 Rue Blaise Pascal, Élancourt, France",,1550823196773,,
5c65a773d97df86ce870d4d0,company,,female,entreprise partenaire,14/02/2019,1653395928602,VRAI,,,,,,
5c5009dec4c39323bc6a57e0,company,,male,autre,29/01/2019,1653395928545,,,,,,,
5c3db645c4c39323bc6a5727,company,,male,autre,15/01/2019,1653395928500,VRAI,,,,1547823330074,,
5c3ca786c4c39323bc6a571d,company,,female,recherche web,14/01/2019,1653395928497,VRAI,,,,,,
5c18fcb7ee46716e650b3cde,company,,female,bouche à oreille,18/11/2018,1653395928486,,,,,1545144456114,,
5bffb8f68837de33a00d28e2,company,,male,association partenaire,29/10/2018,1653395928476,VRAI,,,,,,
5bfd619c8837de33a00d28e0,company,,female,autre,27/10/2018,1653395928475,VRAI,SAS,"3 Rue Dr Jean Vincent, 33300 Bordeaux, France",,,,
5bd850948837de33a00d285b,company,,male,bouche à oreille,30/010/2018,1653395928402,VRAI,SAS,"36 Boulevard Antoine Gautier, Bordeaux, France",,,,
5bc72b6b8837de33a00d2831,company,,male,bouche à oreille,17/010/2018,1653395928368,VRAI,,,,,,
5ba1004a48b26d4df25496f1,company,,male,bouche à oreille,18/09/2018,1701784942315,VRAI,SASU,"78 Rue de la Liberté, Bordeaux, France",20,1701784942311,,
5e28729b7ba2f4719ceb487a,company,,female,,,1653395929468,VRAI,SARL,"26 Rue Raze, 33000 Bordeaux, France",,1579859129673,,